{
	"parent": "item/generated",
	"display": {
		"thirdperson_righthand": {
			"rotation": [0, -90, 45],
			"translation": [0, 5, 1.5],
			"scale": [1.6, 1.6, 0.85]
		},
		"thirdperson_lefthand": {
			"rotation": [-180, -90, -45],
			"translation": [0, -2.75, 1.5],
			"scale": [1.6, 1.6, 0.85]
		},
		"firstperson_righthand": {
			"rotation": [0, -90, 25],
			"translation": [1.13, 3.2, 1.13],
			"scale": [1.26, 1.26, 0.68]
		},
		"firstperson_lefthand": {
			"rotation": [135, 90, -25],
			"translation": [1.13, -0.25, 3.25],
			"scale": [1.26, 1.26, 0.68]
		},
		"ground": {
			"translation": [0, 2, 0],
			"scale": [1, 1, 0.5]
		},
		"gui": {
			"scale": [1.4, 1.4, 1.4]
		},
		"head": {
			"scale": [5, 5, 5]
		},
		"fixed": {
			"rotation": [0, 180, 0],
			"scale": [2, 2, 1]
		}
	}
}